{"schemaVersion":"1.0","appDefinitionTemplate":{"id":"/providers/Microsoft.PowerApps/apps/","type":"Microsoft.PowerApps/apps","tags":{"minimumRequiredApiVersion":"2.2.0"},"properties":{"appVersion":"2019-09-25T13:19:31Z","lifeCycleId":"Published","createdByClientVersion":{"major":3,"minor":19092,"build":12,"revision":0,"majorRevision":0,"minorRevision":0},"minClientVersion":{"major":3,"minor":19092,"build":12,"revision":0,"majorRevision":0,"minorRevision":0},"backgroundColor":"rgba(0, 138, 0, 1)","backgroundImageUri":"/4775352621862807289/N20820139-830e-4be3-b851-a7d3fb650d20-logoSmallFile","displayName":"Football Database App","description":"A Sample Database for IST659","commitMessage":"","appUris":{"documentUri":{"value":"/4775352621862807289/N7acaabd7-e4cc-4c44-aef4-bba5d5ef743a-document.msapp","readonlyValue":"/4775352621862807289/N7acaabd7-e4cc-4c44-aef4-bba5d5ef743a-document.msapp"},"imageUris":[]},"createdTime":"0001-01-01T00:00:00Z","lastModifiedTime":"0001-01-01T00:00:00Z","sharedGroupsCount":0,"sharedUsersCount":0,"icons":{"smallIconUri":"/4775352621862807289/Ne356fdf8-09ce-498f-aaa1-28fc05d348e1-small.png","mediumIconUri":"/4775352621862807289/Nfea44b4f-3d5b-4a75-9a38-a19e7d55c0d4-medium.png","largeIconUri":"/4775352621862807289/N2bccaebc-a577-46a7-a17e-3ae7011394a2-large.png","wideIconUri":"/4775352621862807289/N417a5597-006b-4c84-a19b-c18cd7529ce4-wide.png"},"connectionReferences":{"91296830-706e-4710-a591-c9c6ba5716c3":{"id":"2a6c5446-7fd9-4a66-a212-d2213bc6f0ec","displayName":"SQL Server","iconUri":"https://connectoricons-prod.azureedge.net/sql/icon_1.0.1257.1710.png","dataSources":["[dbo].[demo_football_players]","[dbo].[demo_football_teams]"],"dependencies":[],"dependents":[],"parameterHints":{},"isOnPremiseConnection":false,"sharedConnectionId":"027539e1-6026-4645-87de-c542cb62a1d4","bypassConsent":false,"dataSets":{"default":{"dataSources":{"[dbo].[demo_football_players]":{"tableName":"[dbo].[demo_football_players]"},"[dbo].[demo_football_teams]":{"tableName":"[dbo].[demo_football_teams]"}}}},"apiTier":"Standard","isCustomApiConnection":false}},"databaseReferences":{},"almMode":"Environment"},"appComponents":[]}}